City_ID,City,Country,Date,Lat,Lng,Max Temp,Humidity,Cloudiness,Wind Speed
0,Kapaa,US,2021-09-06 19:23:07,22.0752,-159.319,82.72,69,20,3.0
1,Punta Arenas,CL,2021-09-06 19:22:10,-53.15,-70.9167,53.71,62,90,11.5
2,Blagoveshchensk,RU,2021-09-06 19:23:08,50.2667,127.5333,61.41,100,40,0.0
3,Port Elizabeth,ZA,2021-09-06 19:21:45,-33.918,25.5701,55.09,94,75,6.91
4,Vaini,TO,2021-09-06 19:23:09,-21.2,-175.2,64.56,94,20,1.14
5,Bredasdorp,ZA,2021-09-06 19:23:09,-34.5322,20.0403,45.72,87,1,2.3
6,Alekseyevka,RU,2021-09-06 19:23:10,50.6309,38.6903,48.15,51,97,3.36
7,Tasiilaq,GL,2021-09-06 19:23:10,65.6145,-37.6368,42.96,90,95,4.27
8,Sinnamary,GF,2021-09-06 19:19:55,5.3833,-52.95,82.44,76,100,9.15
9,Aljezur,PT,2021-09-06 19:23:11,37.3191,-8.8033,71.56,78,99,7.45
10,Jamestown,US,2021-09-06 19:19:00,42.097,-79.2353,72.3,54,40,8.01
11,Ushuaia,AR,2021-09-06 19:19:44,-54.8,-68.3,49.66,62,75,14.97
12,Inongo,CD,2021-09-06 19:23:12,-1.95,18.2667,74.8,77,100,6.4
13,Port Lincoln,AU,2021-09-06 19:23:12,-34.7333,135.8667,52.54,86,49,4.99
14,Pevek,RU,2021-09-06 19:23:13,69.7008,170.3133,30.2,85,99,7.49
15,Upernavik,GL,2021-09-06 19:23:13,72.7868,-56.1549,32.16,70,67,11.41
16,Rikitea,PF,2021-09-06 19:23:12,-23.1203,-134.9692,73.31,73,99,6.82
17,Sturgeon Bay,US,2021-09-06 19:20:48,44.8342,-87.377,74.21,56,1,8.05
18,Ust-Tsilma,RU,2021-09-06 19:23:14,65.441,52.1498,39.51,93,100,11.79
19,Torbay,CA,2021-09-06 19:20:15,47.6666,-52.7314,59.29,78,75,8.05
20,Saskylakh,RU,2021-09-06 19:19:04,71.9167,114.0833,43.07,95,91,6.51
21,Mahebourg,MU,2021-09-06 19:23:15,-20.4081,57.7,70.25,73,75,12.66
22,Okha,RU,2021-09-06 19:23:16,53.5739,142.9478,49.51,86,0,5.44
23,Vilyuysk,RU,2021-09-06 19:23:16,63.7553,121.6247,41.05,66,100,4.74
24,Omboue,GA,2021-09-06 19:23:17,-1.5746,9.2618,75.45,82,10,8.32
25,Tuktoyaktuk,CA,2021-09-06 19:23:17,69.4541,-133.0374,42.8,100,90,20.71
26,Ribeira Grande,PT,2021-09-06 19:23:18,38.5167,-28.7,72.0,64,40,5.75
27,Atuona,PF,2021-09-06 19:23:18,-9.8,-139.0333,78.6,70,44,19.84
28,Puerto Ayora,EC,2021-09-06 19:23:18,-0.7393,-90.3518,78.76,78,100,10.13
29,Manokwari,ID,2021-09-06 19:23:19,-0.8667,134.0833,77.45,83,69,2.73
30,Castro,BR,2021-09-06 19:19:19,-24.7911,-50.0119,83.28,24,0,1.92
31,Kadyy,RU,2021-09-06 19:23:20,57.787,43.1903,39.33,91,91,6.42
32,Sao Filipe,CV,2021-09-06 19:23:20,14.8961,-24.4956,80.55,79,44,6.42
33,Mareeba,AU,2021-09-06 19:23:21,-17.0,145.4333,65.12,90,90,3.76
34,New Norfolk,AU,2021-09-06 19:23:21,-42.7826,147.0587,51.3,63,100,11.01
35,Shimoda,JP,2021-09-06 19:23:21,34.6667,138.95,67.8,85,72,16.51
36,Sazonovo,RU,2021-09-06 19:23:22,59.0919,35.2268,40.59,97,32,5.23
37,Butaritari,KI,2021-09-06 19:23:22,3.0707,172.7902,83.46,72,100,13.09
38,Mar Del Plata,AR,2021-09-06 19:20:06,-38.0023,-57.5575,57.22,82,75,9.22
39,Ranong,TH,2021-09-06 19:23:23,9.9658,98.6348,78.91,87,95,6.44
40,Klaksvik,FO,2021-09-06 19:23:24,62.2266,-6.589,54.52,94,100,19.77
41,Karpogory,RU,2021-09-06 19:23:24,64.0019,44.4451,37.99,84,99,6.46
42,Busselton,AU,2021-09-06 19:23:25,-33.65,115.3333,56.05,69,0,9.53
43,Elat,IL,2021-09-06 19:23:25,29.5581,34.9482,89.44,40,0,16.11
44,Dubai,AE,2021-09-06 19:21:07,25.2582,55.3047,93.13,70,0,2.3
45,Ostersund,SE,2021-09-06 19:23:26,63.1792,14.6357,54.05,87,90,8.05
46,Bonthe,SL,2021-09-06 19:23:26,7.5264,-12.505,78.08,85,93,9.22
47,Albany,US,2021-09-06 19:23:27,42.6001,-73.9662,76.26,57,17,1.01
48,Ust-Ishim,RU,2021-09-06 19:23:27,57.6935,71.1665,47.73,55,76,5.39
49,Thompson,CA,2021-09-06 19:23:28,55.7435,-97.8558,66.36,59,75,5.75
50,Mugur-Aksy,RU,2021-09-06 19:23:28,50.35,90.5,48.43,62,2,7.29
51,Roma,US,2021-09-06 19:19:56,43.2128,-75.4557,74.12,54,40,1.99
52,Bulungu,CD,2021-09-06 19:23:29,-4.55,18.6,81.82,52,73,1.3
53,Hermanus,ZA,2021-09-06 19:23:29,-34.4187,19.2345,51.91,71,10,7.81
54,Kaitangata,NZ,2021-09-06 19:20:49,-46.2817,169.8464,47.07,95,100,2.66
55,Brokopondo,SR,2021-09-06 19:23:30,4.75,-55.1667,88.72,53,100,5.68
56,Kawalu,ID,2021-09-06 19:23:30,-7.3817,108.2082,70.5,99,95,1.54
57,Polunochnoye,RU,2021-09-06 19:23:31,60.8697,60.4153,37.56,86,63,5.64
58,Naliya,IN,2021-09-06 19:19:06,23.2667,68.8333,82.31,78,100,8.79
59,Adrar,MR,2021-09-06 19:23:32,20.5022,-10.0711,102.11,8,1,11.88
60,Laguna,US,2021-09-06 19:23:32,38.421,-121.4238,101.44,20,1,1.99
61,Yumen,CN,2021-09-06 19:20:12,40.2833,97.2,66.94,19,0,7.65
62,Barrow,US,2021-09-06 19:23:33,71.2906,-156.7887,37.42,75,90,10.36
63,Bluff,NZ,2021-09-06 19:23:33,-46.6,168.3333,45.81,92,100,10.33
64,East London,ZA,2021-09-06 19:19:24,-33.0153,27.9116,56.79,89,100,7.16
65,Santa Marinella,IT,2021-09-06 19:23:34,42.0345,11.8536,78.91,55,7,5.21
66,Navrongo,GH,2021-09-06 19:23:35,10.8956,-1.0921,81.9,64,97,7.14
67,Narsaq,GL,2021-09-06 19:23:35,60.9167,-46.05,53.82,62,0,7.36
68,Victoria,HK,2021-09-06 19:23:36,22.2855,114.1577,85.32,81,100,1.01
69,Port Alfred,ZA,2021-09-06 19:23:36,-33.5906,26.891,57.24,84,100,8.55
70,Meulaboh,ID,2021-09-06 19:23:37,4.1363,96.1285,77.43,89,93,7.2
71,Lins,BR,2021-09-06 19:23:37,-21.6786,-49.7425,99.63,15,0,1.19
72,Hobart,AU,2021-09-06 19:19:11,-42.8794,147.3294,51.66,57,40,8.01
73,Saint George,US,2021-09-06 19:21:26,37.1041,-113.5841,102.67,18,1,1.01
74,Sechura,PE,2021-09-06 19:23:38,-5.5569,-80.8222,73.13,67,100,8.86
75,Labuhan,ID,2021-09-06 19:23:39,-6.8844,112.2051,77.43,82,91,7.07
76,Mataura,NZ,2021-09-06 19:23:39,-46.1927,168.8643,45.48,99,100,1.12
77,Arraial Do Cabo,BR,2021-09-06 19:23:39,-22.9661,-42.0278,75.16,88,75,13.8
78,Touros,BR,2021-09-06 19:19:57,-5.1989,-35.4608,83.3,61,62,17.25
79,Saint-Philippe,RE,2021-09-06 19:23:40,-21.3585,55.7679,67.55,77,49,16.58
80,Kavieng,PG,2021-09-06 19:23:41,-2.5744,150.7967,82.35,72,100,15.48
81,Jumla,NP,2021-09-06 19:23:41,29.2747,82.1838,63.03,95,88,1.86
82,Villa Bruzual,VE,2021-09-06 19:23:42,9.3328,-69.1208,84.83,71,21,2.73
83,Pacific Grove,US,2021-09-06 19:20:41,36.6177,-121.9166,100.15,74,1,1.99
84,Portland,US,2021-09-06 19:23:15,45.5234,-122.6762,77.83,54,20,1.01
85,Zlobin,HR,2021-09-06 19:23:43,45.2924,14.6541,65.5,40,0,12.66
86,Aripuana,BR,2021-09-06 19:23:43,-9.1667,-60.6333,97.2,30,100,2.39
87,Norman Wells,CA,2021-09-06 19:23:44,65.282,-126.8329,59.04,82,75,13.8
88,Souillac,MU,2021-09-06 19:23:44,-20.5167,57.5167,70.36,73,75,12.66
89,Svolvaer,NO,2021-09-06 19:23:45,68.2342,14.5683,53.78,100,75,17.27
90,Katubao,PH,2021-09-06 19:23:45,5.8892,124.8294,79.47,82,100,7.67
91,Lebu,CL,2021-09-06 19:23:45,-37.6167,-73.65,50.9,86,94,14.81
92,Price,US,2021-09-06 19:23:46,39.5994,-110.8107,87.73,17,1,8.05
93,Komsomolskiy,UZ,2021-09-06 19:23:47,40.4272,71.7189,74.12,43,0,6.91
94,Kahului,US,2021-09-06 19:23:47,20.8947,-156.47,79.54,69,40,16.11
95,Sheltozero,RU,2021-09-06 19:23:47,61.3667,35.3667,49.21,71,98,12.15
96,Brae,GB,2021-09-06 19:23:48,60.3964,-1.353,57.11,88,100,15.66
97,Albanel,CA,2021-09-06 19:23:48,48.8832,-72.4487,66.34,72,100,5.75
98,Pisco,PE,2021-09-06 19:23:49,-13.7,-76.2167,66.25,72,0,9.22
99,Port Hardy,CA,2021-09-06 19:23:49,50.6996,-127.4199,57.38,88,90,3.44
100,Coquimbo,CL,2021-09-06 19:23:16,-29.9533,-71.3436,64.13,59,0,13.8
101,Binabalian,PH,2021-09-06 19:23:50,16.4202,119.9279,80.08,80,91,3.0
102,Yellowknife,CA,2021-09-06 19:19:09,62.456,-114.3525,61.32,94,75,9.22
103,Bengkulu,ID,2021-09-06 19:23:51,-3.8004,102.2655,73.69,96,100,6.44
104,Yantikovo,RU,2021-09-06 19:23:51,55.8216,47.9104,38.12,68,86,5.82
105,Cherskiy,RU,2021-09-06 19:23:52,68.75,161.3,34.18,88,100,23.42
106,Pemangkat,ID,2021-09-06 19:23:52,1.1667,108.9667,79.23,83,100,3.44
107,Arman,RU,2021-09-06 19:23:52,59.7,150.1667,44.78,53,34,6.2
108,Avarua,CK,2021-09-06 19:23:53,-21.2078,-159.775,75.25,78,75,10.36
109,Nikolskoye,RU,2021-09-06 19:19:54,59.7035,30.7861,51.69,96,100,5.41
110,Egvekinot,RU,2021-09-06 19:23:53,66.3167,-179.1667,30.74,54,38,3.13
111,Ciudad Bolivar,VE,2021-09-06 19:23:54,8.1222,-63.5497,91.54,49,70,10.07
112,Umm Lajj,SA,2021-09-06 19:23:55,25.0213,37.2685,88.74,57,99,7.99
113,Bethel,US,2021-09-06 19:23:55,41.3712,-73.414,83.1,55,20,4.0
114,Charters Towers,AU,2021-09-06 19:23:55,-20.1,146.2667,58.19,30,29,15.84
115,Clyde River,CA,2021-09-06 19:23:56,70.4692,-68.5914,34.03,80,75,2.3
116,Janauba,BR,2021-09-06 19:23:56,-15.8025,-43.3089,97.39,16,56,7.65
117,Khatanga,RU,2021-09-06 19:23:57,71.9667,102.5,52.32,67,100,7.92
118,Hambantota,LK,2021-09-06 19:23:57,6.1241,81.1185,79.38,83,100,17.47
119,Hay River,CA,2021-09-06 19:23:58,60.8156,-115.7999,62.58,72,75,11.5
120,Alofi,NU,2021-09-06 19:23:58,-19.0595,-169.9187,73.29,100,40,3.44
121,Luderitz,NA,2021-09-06 19:23:58,-26.6481,15.1594,56.23,53,0,25.66
122,Mitu,CO,2021-09-06 19:23:59,1.1983,-70.1733,80.65,91,86,0.85
123,Suntar,RU,2021-09-06 19:23:59,62.1444,117.6319,43.47,83,100,3.44
124,Americus,US,2021-09-06 19:19:27,32.0724,-84.2327,92.35,40,1,3.44
125,Evensk,RU,2021-09-06 19:24:00,61.95,159.2333,41.9,51,100,4.76
126,Vostok,RU,2021-09-06 19:20:53,46.4856,135.8833,52.74,82,100,4.34
127,Marawi,PH,2021-09-06 19:24:01,7.9986,124.2928,65.64,95,100,5.28
128,Constitucion,CL,2021-09-06 19:21:28,-35.3333,-72.4167,54.43,70,85,10.07
129,Jutai,BR,2021-09-06 19:24:02,-5.1833,-68.9,91.96,49,86,2.39
130,Mount Isa,AU,2021-09-06 19:24:02,-20.7333,139.5,58.77,26,33,14.97
131,Merauke,ID,2021-09-06 19:24:03,-8.4667,140.3333,76.86,80,100,16.28
132,Novyy Yarychiv,UA,2021-09-06 19:24:03,49.9044,24.3052,51.13,69,13,4.47
133,Grindavik,IS,2021-09-06 19:24:03,63.8424,-22.4338,50.47,87,75,8.05
134,Marsaxlokk,MT,2021-09-06 19:24:04,35.8419,14.5431,79.41,69,20,9.22
135,Delhi,IN,2021-09-06 19:20:23,28.6667,77.2167,91.31,89,40,6.91
136,Moba,CN,2021-09-06 19:24:05,33.2288,105.0179,54.93,74,99,1.97
137,Atikokan,CA,2021-09-06 19:24:05,48.7555,-91.6216,67.91,43,100,7.47
138,Sisimiut,GL,2021-09-06 19:24:05,66.9395,-53.6735,43.79,69,100,13.09
139,Hilo,US,2021-09-06 19:19:30,19.7297,-155.09,82.26,79,90,4.61
140,Bonwapitse,BW,2021-09-06 19:24:06,-23.0766,26.7037,77.0,20,8,15.46
141,Nenjiang,CN,2021-09-06 19:24:07,49.1833,125.2167,55.09,98,100,7.05
142,Ushumun,RU,2021-09-06 19:24:07,52.7833,126.5333,60.12,86,100,9.01
143,Kannod,IN,2021-09-06 19:24:07,22.6667,76.7333,77.81,88,100,5.73
144,Trairi,BR,2021-09-06 19:20:49,-3.2778,-39.2689,83.05,61,12,16.37
145,Aasiaat,GL,2021-09-06 19:24:08,68.7098,-52.8699,37.36,74,100,2.75
146,Beira,MZ,2021-09-06 19:24:09,-19.8436,34.8389,75.29,83,20,13.8
147,Lodja,CD,2021-09-06 19:24:09,-3.4833,23.4333,75.69,70,80,1.7
148,Sayyan,YE,2021-09-06 19:24:10,15.1718,44.3244,66.63,51,63,1.39
149,Liaocheng,CN,2021-09-06 19:24:10,36.4439,115.9647,61.92,97,97,6.17
150,Ponta Do Sol,PT,2021-09-06 19:19:59,32.6667,-17.1,79.0,75,40,8.46
151,Mehamn,NO,2021-09-06 19:24:11,71.0357,27.8492,38.16,78,48,4.43
152,Sambava,MG,2021-09-06 19:24:11,-14.2667,50.1667,71.19,90,100,12.17
153,Cape Town,ZA,2021-09-06 19:22:49,-33.9258,18.4232,52.12,86,0,3.0
154,Grand Gaube,MU,2021-09-06 19:24:13,-20.0064,57.6608,70.38,64,90,10.0
155,Dikson,RU,2021-09-06 19:24:13,73.5069,80.5464,48.25,76,100,19.89
156,Codrington,AU,2021-09-06 19:19:16,-38.2667,141.9667,51.87,78,97,13.47
157,Ust-Kuyga,RU,2021-09-06 19:24:14,70.0167,135.6,44.98,89,100,11.74
158,Vila Franca Do Campo,PT,2021-09-06 19:24:14,37.7167,-25.4333,72.01,83,59,7.96
159,Vardo,NO,2021-09-06 19:24:15,70.3705,31.1107,39.18,75,75,14.97
160,Yakeshi,CN,2021-09-06 19:24:15,49.2833,120.7333,43.05,90,98,3.78
161,Tobe,JP,2021-09-06 19:24:15,33.7447,132.7901,74.28,86,100,4.54
162,Riyadh,SA,2021-09-06 19:19:30,24.6877,46.7219,91.54,11,0,8.61
163,Qaanaaq,GL,2021-09-06 19:24:16,77.484,-69.3632,19.24,73,21,9.19
164,Saldanha,ZA,2021-09-06 19:24:17,-33.0117,17.9442,51.85,71,0,22.62
165,Valparaiso,CL,2021-09-06 19:24:17,-33.0393,-71.6273,62.83,46,20,16.11
166,Mosetse,BW,2021-09-06 19:24:18,-20.75,26.65,75.6,14,0,9.66
167,Wajima,JP,2021-09-06 19:24:18,37.4,136.9,69.6,78,94,11.01
168,Khasan,RU,2021-09-06 19:24:19,42.4308,130.6434,66.76,83,100,6.69
169,Boksitogorsk,RU,2021-09-06 19:24:19,59.474,33.8485,43.88,96,44,5.99
170,Kodiak,US,2021-09-06 19:24:20,57.79,-152.4072,56.71,72,1,4.61
171,Tayga,RU,2021-09-06 19:24:20,56.06,85.6197,50.25,80,6,4.32
172,Manavalakurichi,IN,2021-09-06 19:24:21,8.1333,77.3,78.89,83,100,13.35
173,Miles City,US,2021-09-06 19:24:21,46.4083,-105.8406,88.77,16,1,20.71
174,Puerto Penasco,MX,2021-09-06 19:24:22,31.3167,-113.5333,87.91,66,1,8.01
175,Punto Fijo,VE,2021-09-06 19:24:22,11.6956,-70.1996,88.3,58,73,19.95
176,Tarrafal,CV,2021-09-06 19:24:23,15.2833,-23.7667,81.39,79,9,3.31
177,Shellbrook,CA,2021-09-06 19:24:23,53.2168,-106.4011,69.03,33,100,15.32
178,Kuala Terengganu,MY,2021-09-06 19:24:24,5.3302,103.1408,78.75,89,20,2.3
179,Zhigansk,RU,2021-09-06 19:19:52,66.7697,123.3711,43.75,52,0,2.89
180,Chokurdakh,RU,2021-09-06 19:24:24,70.6333,147.9167,32.7,94,100,11.92
181,Itoman,JP,2021-09-06 19:24:25,26.1247,127.6694,81.37,91,20,2.3
182,Tambopata,PE,2021-09-06 19:24:25,-12.7333,-69.1833,91.29,55,20,6.91
183,Severo-Kurilsk,RU,2021-09-06 19:24:26,50.6789,156.125,48.78,78,65,16.35
184,Sorland,NO,2021-09-06 19:24:26,67.667,12.6934,53.67,97,100,19.42
185,Jamuria,IN,2021-09-06 19:24:27,23.7,87.0833,79.11,92,94,12.84
186,Maku,IR,2021-09-06 19:24:27,39.2911,44.4521,71.15,25,0,6.15
187,Richards Bay,ZA,2021-09-06 19:24:27,-28.783,32.0377,66.15,89,100,9.82
188,Eenhana,NA,2021-09-06 19:21:19,-17.4667,16.3333,78.55,17,0,6.89
189,Lagoa,PT,2021-09-06 19:24:28,39.05,-27.9833,68.52,77,90,13.4
190,Dingle,PH,2021-09-06 19:24:29,10.9995,122.6711,76.37,90,100,0.27
191,Mastic Beach,US,2021-09-06 19:24:29,40.7668,-72.8521,84.97,57,0,3.0
192,Tuim,RU,2021-09-06 19:24:29,54.3417,89.9261,50.47,85,0,5.37
193,Limache,CL,2021-09-06 19:24:30,-33.0167,-71.2667,61.5,42,5,10.02
194,Soe,ID,2021-09-06 19:24:31,-9.8607,124.284,65.77,89,99,3.8
195,Patacamaya,BO,2021-09-06 19:24:31,-17.2333,-67.9167,60.3,26,8,13.2
196,Oussouye,SN,2021-09-06 19:24:31,12.485,-16.5469,87.98,82,100,7.07
197,Oliveira Dos Brejinhos,BR,2021-09-06 19:24:32,-12.3169,-42.8961,94.78,19,58,5.97
198,Bereda,ES,2021-09-06 19:19:47,43.2686,-7.5406,79.41,65,100,3.02
199,Mercedes,AR,2021-09-06 19:24:33,-34.6515,-59.4307,64.63,68,100,10.87
200,Hailun,CN,2021-09-06 19:24:33,47.45,126.9333,59.0,85,100,4.65
201,Miranda,CO,2021-09-06 19:24:33,3.2499,-76.2281,80.65,81,100,2.57
202,Carnarvon,AU,2021-09-06 19:24:34,-24.8667,113.6333,53.67,82,13,1.14
203,Jablah,SY,2021-09-06 19:24:34,35.3614,35.9256,77.47,72,0,5.88
204,Phalodi,IN,2021-09-06 19:24:35,27.1333,72.3667,91.6,55,43,10.13
205,Evanston,US,2021-09-06 19:20:46,42.0411,-87.6901,84.15,47,40,1.99
206,Garbolovo,RU,2021-09-06 19:24:36,60.3413,30.4955,50.99,96,100,4.14
207,Nieuwpoort,BE,2021-09-06 19:24:36,51.1244,2.7735,73.0,73,0,3.44
208,Pocatello,US,2021-09-06 19:24:37,42.8713,-112.4455,84.67,17,1,1.01
209,Bojnurd,IR,2021-09-06 19:24:37,37.4747,57.329,76.95,50,0,6.91
210,Korla,CN,2021-09-06 19:24:37,41.7597,86.1469,74.68,25,0,6.58
211,Gorontalo,ID,2021-09-06 19:24:38,0.5412,123.0595,74.1,94,100,2.21
212,Ostrovnoy,RU,2021-09-06 19:24:38,68.0531,39.5131,40.23,81,100,19.98
213,Dolores,AR,2021-09-06 19:24:39,-36.3132,-57.6792,58.96,76,100,12.8
214,Provideniya,RU,2021-09-06 19:24:39,64.3833,-173.3,37.51,87,75,6.71
215,El Alto,PE,2021-09-06 19:23:10,-4.2714,-81.2147,71.26,74,97,11.21
216,Belyy Yar,RU,2021-09-06 19:24:40,53.6039,91.3903,48.09,87,0,0.0
217,Tezu,IN,2021-09-06 19:24:40,27.9167,96.1667,77.04,86,98,3.76
218,Bluefield,US,2021-09-06 19:21:44,37.2698,-81.2223,78.94,45,20,4.0
219,Los Llanos De Aridane,ES,2021-09-06 19:20:55,28.6585,-17.9182,74.95,86,75,5.75
220,Kloulklubed,PW,2021-09-06 19:24:14,7.0419,134.2556,79.3,74,100,10.63
221,Mwinilunga,ZM,2021-09-06 19:24:42,-11.7358,24.4293,70.99,28,8,4.76
222,Vega De Alatorre,MX,2021-09-06 19:24:43,20.0333,-96.6333,84.31,72,100,8.88
223,Olden,NO,2021-09-06 19:24:43,61.8364,6.8064,60.12,93,100,8.01
224,Rawlins,US,2021-09-06 19:22:27,41.7911,-107.2387,81.03,10,1,17.27
225,Stokmarknes,NO,2021-09-06 19:24:44,68.5646,14.9108,52.5,94,100,9.62
226,Uthal,PK,2021-09-06 19:24:44,25.8072,66.6219,81.97,79,62,5.37
227,Hithadhoo,MV,2021-09-06 19:24:45,-0.6,73.0833,82.67,73,100,9.6
228,Hasaki,JP,2021-09-06 19:24:45,35.7333,140.8333,63.0,68,39,19.35
229,Malakal,SS,2021-09-06 19:24:46,9.5334,31.6605,72.09,94,100,3.15
230,Sawakin,SD,2021-09-06 19:24:46,19.1059,37.3321,92.68,51,30,10.49
231,Lac Du Bonnet,CA,2021-09-06 19:24:46,50.2536,-96.0612,77.36,36,100,11.23
232,Cubuk,TR,2021-09-06 19:24:47,40.2386,33.0322,62.35,58,20,9.22
233,Faya,SA,2021-09-06 19:24:47,18.3851,42.4509,68.11,31,88,4.45
234,Auki,SB,2021-09-06 19:24:48,-8.7676,160.7034,75.67,89,17,4.32
235,Rostovka,RU,2021-09-06 19:24:48,55.3842,71.8891,51.57,39,43,7.72
236,Fairbanks,US,2021-09-06 19:22:12,64.8378,-147.7164,48.09,79,20,0.0
237,Alberton,CA,2021-09-06 19:24:49,46.8168,-64.0654,64.53,97,100,12.75
238,Flinders,AU,2021-09-06 19:24:49,-34.5833,150.8552,47.48,80,0,4.0
239,Airai,TL,2021-09-06 19:24:50,-8.9266,125.4092,56.73,91,47,3.98
240,Nyurba,RU,2021-09-06 19:24:50,63.2842,118.3319,40.41,87,63,5.91
241,Katima Mulilo,NA,2021-09-06 19:24:51,-17.5,24.2667,75.13,22,0,7.36
242,Solnechnyy,RU,2021-09-06 19:24:51,50.7214,136.6319,54.64,96,100,1.28
243,Kalabo,ZM,2021-09-06 19:24:52,-14.97,22.6814,75.02,21,1,6.17
244,Vao,NC,2021-09-06 19:24:52,-22.6667,167.4833,69.06,79,15,10.36
245,Rosetta,EG,2021-09-06 19:24:52,31.4044,30.4164,77.34,67,0,11.05
246,Vestmannaeyjar,IS,2021-09-06 19:24:53,63.4427,-20.2734,52.65,89,100,17.58
247,Tiksi,RU,2021-09-06 19:24:53,71.6872,128.8694,39.15,80,100,12.1
248,Juneau,US,2021-09-06 19:23:37,58.3019,-134.4197,58.84,92,90,11.5
249,Timmins,CA,2021-09-06 19:24:54,48.4669,-81.3331,57.02,94,90,8.05
250,Soroti,UG,2021-09-06 19:24:54,1.7146,33.6111,69.93,74,100,2.1
251,Poum,NC,2021-09-06 19:21:19,-20.2333,164.0167,71.62,76,25,12.24
252,Bilibino,RU,2021-09-06 19:24:55,68.0546,166.4372,33.87,100,100,6.76
253,Verkhnyaya Inta,RU,2021-09-06 19:24:55,65.9811,60.3094,40.03,97,100,21.77
254,Faanui,PF,2021-09-06 19:24:56,-16.4833,-151.75,78.62,75,1,14.92
255,Namatanai,PG,2021-09-06 19:24:56,-3.6667,152.4333,77.59,77,100,7.38
256,Ambilobe,MG,2021-09-06 19:24:57,-13.2,49.05,76.08,58,100,6.24
257,Zanjan,IR,2021-09-06 19:24:57,36.6736,48.4787,64.85,61,0,8.61
258,Daru,PG,2021-09-06 19:24:06,-9.0763,143.2092,76.42,83,90,16.62
259,Nome,US,2021-09-06 19:24:58,64.5011,-165.4064,44.67,87,90,8.05
260,Broken Hill,AU,2021-09-06 19:24:58,-31.95,141.4333,40.71,81,0,1.14
261,Ayagoz,KZ,2021-09-06 19:24:59,47.9714,80.4392,66.16,39,4,9.46
262,Huarmey,PE,2021-09-06 19:24:59,-10.0681,-78.1522,67.86,76,99,12.53
263,Nelson Bay,AU,2021-09-06 19:25:00,-32.7167,152.15,50.68,83,0,12.03
264,Pangnirtung,CA,2021-09-06 19:25:00,66.1451,-65.7125,42.8,81,75,19.57
265,Gulu,UG,2021-09-06 19:25:01,2.7746,32.299,64.74,93,82,1.74
266,Sehithwa,BW,2021-09-06 19:25:01,-20.4667,22.7167,79.9,22,8,1.43
267,Pierre,US,2021-09-06 19:25:02,44.3683,-100.351,86.92,32,1,4.61
268,Progreso,MX,2021-09-06 19:25:02,21.2833,-89.6667,86.11,84,100,4.81
269,Wanning,CN,2021-09-06 19:25:03,18.8003,110.3967,78.85,89,100,3.91
270,Vila Velha,BR,2021-09-06 19:20:26,-20.3297,-40.2925,76.95,78,75,14.97
271,Middleton,GB,2021-09-06 19:25:03,53.55,-2.2,70.99,82,100,4.76
272,Kalispell,US,2021-09-06 19:25:04,48.1958,-114.3129,80.64,24,1,7.0
273,Singaraja,ID,2021-09-06 19:25:05,-8.112,115.0882,77.4,85,78,4.07
274,Tateyama,JP,2021-09-06 19:25:05,34.9833,139.8667,66.22,81,8,14.16
275,Thornton,US,2021-09-06 19:20:45,39.868,-104.9719,94.84,13,1,1.99
276,Beloha,MG,2021-09-06 19:25:06,-25.1667,45.05,70.25,59,0,7.14
277,Werda,BW,2021-09-06 19:25:06,-25.2667,23.2833,64.98,17,26,21.47
278,Tuatapere,NZ,2021-09-06 19:20:25,-46.1333,167.6833,45.82,96,100,2.95
279,Sibolga,ID,2021-09-06 19:25:07,1.7427,98.7792,75.6,90,99,2.91
280,Praia Da Vitoria,PT,2021-09-06 19:25:08,38.7333,-27.0667,71.85,83,75,14.61
281,Gondanglegi,ID,2021-09-06 19:25:08,-7.7479,112.0132,74.07,89,69,8.84
282,Longyearbyen,SJ,2021-09-06 19:25:08,78.2186,15.6401,39.04,70,75,8.05
283,La Ronge,CA,2021-09-06 19:25:09,55.1001,-105.2842,70.05,40,20,11.5
284,Lida,BY,2021-09-06 19:25:09,53.8833,25.2997,46.87,72,100,3.09
285,Shostka,UA,2021-09-06 19:25:10,51.863,33.4698,43.12,75,10,4.27
286,Buchanan,LR,2021-09-06 19:25:10,5.8808,-10.0467,76.14,90,96,7.72
287,Yuncheng,CN,2021-09-06 19:25:11,35.0231,110.9928,64.54,87,52,3.44
288,Tautira,PF,2021-09-06 19:25:11,-17.7333,-149.15,80.62,79,63,11.41
289,Tilichiki,RU,2021-09-06 19:25:12,60.4667,166.1,34.63,71,100,4.65
290,Itarema,BR,2021-09-06 19:25:12,-2.9248,-39.9167,82.99,64,33,19.62
291,Atar,MR,2021-09-06 19:25:12,20.5169,-13.0499,106.45,11,67,6.44
292,Martapura,ID,2021-09-06 19:25:13,-3.4167,114.85,77.09,94,90,3.44
293,Raudeberg,NO,2021-09-06 19:25:13,61.9875,5.1352,59.2,90,100,17.78
294,Balkhash,KZ,2021-09-06 19:25:14,46.844,74.9804,76.32,30,0,8.61
295,Husavik,IS,2021-09-06 19:25:14,66.0449,-17.3389,51.71,74,96,3.71
296,Moyale,KE,2021-09-06 19:25:15,3.5167,39.0584,74.34,51,91,15.35
297,Rodrigues Alves,BR,2021-09-06 19:25:15,-7.738,-72.6509,89.8,59,100,2.68
298,Tevaitoa,PF,2021-09-06 19:21:14,-16.7833,-151.5,78.8,70,1,16.04
299,Padang,ID,2021-09-06 19:25:16,-0.9492,100.3543,75.25,91,100,5.99
300,Mayskiy,RU,2021-09-06 19:25:16,47.6931,40.1025,51.21,42,34,8.16
301,Broome,US,2021-09-06 19:25:17,42.2506,-75.833,74.7,65,5,4.0
302,Big Rapids,US,2021-09-06 19:25:17,43.6981,-85.4837,76.59,48,40,9.22
303,Yovon,TJ,2021-09-06 19:25:18,38.3141,69.0378,71.01,19,0,5.75
304,Comodoro Rivadavia,AR,2021-09-06 19:21:39,-45.8667,-67.5,57.06,62,0,6.91
305,Mikkeli,FI,2021-09-06 19:25:19,61.6886,27.2723,48.15,100,0,1.14
306,Chicama,PE,2021-09-06 19:25:19,-7.8447,-79.1469,61.34,67,100,10.2
307,Yulara,AU,2021-09-06 19:25:20,-25.2406,130.9889,48.04,43,0,8.05
308,Creel,MX,2021-09-06 19:25:20,27.75,-107.6333,70.43,46,99,13.76
309,Moindou,NC,2021-09-06 19:25:21,-21.6924,165.677,58.95,89,28,5.12
310,Palestrina,IT,2021-09-06 19:25:21,41.8355,12.889,73.83,66,62,3.0
311,Zhangjiakou,CN,2021-09-06 19:25:21,40.81,114.8794,55.81,53,0,2.89
312,Cordoba,AR,2021-09-06 19:25:22,-31.4135,-64.1811,71.76,56,75,4.0
313,Kinablangan,PH,2021-09-06 19:25:22,7.6947,126.5503,78.6,81,100,3.83
314,Gamba,GA,2021-09-06 19:25:23,-2.65,10.0,74.86,82,84,7.29
315,Katsuura,JP,2021-09-06 19:25:23,35.1333,140.3,66.31,77,36,14.74
316,Georgetown,MY,2021-09-06 19:21:49,5.4112,100.3354,81.9,84,20,2.3
317,Matagami,CA,2021-09-06 19:25:24,49.7502,-77.6328,59.11,82,90,12.66
318,Cap Malheureux,MU,2021-09-06 19:25:24,-19.9842,57.6142,70.47,64,88,10.0
319,Margate,GB,2021-09-06 19:25:25,51.3813,1.3862,70.86,77,38,6.44
320,Cabo San Lucas,MX,2021-09-06 19:25:16,22.8909,-109.9124,94.8,64,20,5.01
321,Iqaluit,CA,2021-09-06 19:25:25,63.7506,-68.5145,46.13,71,90,8.05
322,Qaqortoq,GL,2021-09-06 19:25:26,60.7167,-46.0333,54.1,72,0,10.4
323,Prainha,BR,2021-09-06 19:25:26,-1.8,-53.48,92.26,42,8,6.82
324,Anqing,CN,2021-09-06 19:25:27,30.5092,117.0506,72.68,82,92,7.87
325,Hamilton,US,2021-09-06 19:25:27,39.1834,-84.5333,86.76,45,20,3.0
326,Nhulunbuy,AU,2021-09-06 19:25:27,-12.2333,136.7667,77.61,65,75,14.97
327,Urumqi,CN,2021-09-06 19:25:28,43.801,87.6005,70.75,33,0,8.95
328,Mount Gambier,AU,2021-09-06 19:25:28,-37.8333,140.7667,48.11,93,75,6.91
329,Nanortalik,GL,2021-09-06 19:25:29,60.1432,-45.2371,44.15,76,0,8.19
330,Senanga,ZM,2021-09-06 19:25:29,-16.1167,23.2667,74.03,21,0,7.4
331,Xining,CN,2021-09-06 19:25:30,36.6167,101.7667,50.38,70,0,2.15
332,Newtownards,GB,2021-09-06 19:25:30,54.5924,-5.6909,67.95,84,100,1.01
333,Srednekolymsk,RU,2021-09-06 19:25:31,67.45,153.6833,39.92,87,100,14.99
334,Chumikan,RU,2021-09-06 19:25:31,54.7183,135.315,51.44,73,54,4.74
335,Eyl,SO,2021-09-06 19:25:32,7.9803,49.8164,77.76,79,73,22.1
336,Cockburn Town,TC,2021-09-06 19:25:32,21.4612,-71.1419,85.96,66,40,6.91
337,Chuy,UY,2021-09-06 19:25:33,-33.6971,-53.4616,60.49,78,65,13.02
338,Luau,AO,2021-09-06 19:25:33,-10.7073,22.2247,81.88,29,98,2.46
339,Esperance,AU,2021-09-06 19:25:34,-33.8667,121.9,53.44,41,0,18.54
340,Kavaratti,IN,2021-09-06 19:25:34,10.5669,72.642,81.27,82,100,19.19
341,Iquique,CL,2021-09-06 19:24:13,-20.2208,-70.1431,60.84,72,8,5.53
342,Erzin,TR,2021-09-06 19:25:35,36.9559,36.2,79.52,80,14,1.14
343,Sobolevo,RU,2021-09-06 19:25:35,54.4299,31.8996,44.15,65,44,4.9
344,Tres Arroyos,AR,2021-09-06 19:25:36,-38.3739,-60.2798,62.8,51,87,12.3
345,Sao Joao Do Piaui,BR,2021-09-06 19:25:36,-8.3581,-42.2467,99.34,22,94,10.74
346,Kitui,KE,2021-09-06 19:25:37,-1.367,38.0106,67.19,66,92,13.22
347,Hualmay,PE,2021-09-06 19:21:23,-11.0964,-77.6139,66.0,76,89,11.23
348,Mackay,AU,2021-09-06 19:25:37,-21.15,149.2,59.04,76,6,6.91
349,Alta Floresta,BR,2021-09-06 19:25:38,-9.8756,-56.0861,94.82,46,40,6.91
350,Shinpokh,PK,2021-09-06 19:25:38,34.3292,71.1782,89.01,53,0,3.53
351,Kieta,PG,2021-09-06 19:25:39,-6.2167,155.6333,76.5,81,100,2.13
352,Skjervoy,NO,2021-09-06 19:25:39,70.0311,20.9714,46.58,81,100,5.17
353,Ankazobe,MG,2021-09-06 19:25:40,-18.3167,47.1167,54.01,86,0,6.29
354,Uong Bi,VN,2021-09-06 19:25:40,21.0333,106.7833,80.58,92,8,3.22
355,Thunder Bay,CA,2021-09-06 19:25:24,48.4001,-89.3168,66.99,57,75,3.44
356,Makakilo City,US,2021-09-06 19:21:58,21.3469,-158.0858,80.92,62,1,9.22
357,Salamiyah,SY,2021-09-06 19:25:41,35.0113,37.0532,74.28,63,0,10.98
358,Cidreira,BR,2021-09-06 19:25:42,-30.1811,-50.2056,64.56,83,64,17.29
359,Les Cayes,HT,2021-09-06 19:25:42,18.2,-73.75,87.71,61,0,8.93
360,Bathsheba,BB,2021-09-06 19:25:43,13.2167,-59.5167,88.41,70,40,8.05
361,Taoudenni,ML,2021-09-06 19:25:43,22.6783,-3.9836,105.33,8,5,7.11
362,Lavrentiya,RU,2021-09-06 19:20:50,65.5833,-171.0,34.77,97,100,2.28
363,Stefan Voda,MD,2021-09-06 19:25:44,46.5153,29.6631,53.42,45,8,5.48
364,Mbini,GQ,2021-09-06 19:25:44,1.574,9.6134,77.23,87,100,4.03
365,Bambous Virieux,MU,2021-09-06 19:25:45,-20.3428,57.7575,70.21,73,75,12.66
366,Lusambo,CD,2021-09-06 19:25:45,-4.9667,23.45,78.22,55,21,1.59
367,Dharchula,IN,2021-09-06 19:25:46,29.85,80.5333,71.04,91,5,3.38
368,Howard Springs,AU,2021-09-06 19:25:46,-12.497,131.047,75.11,47,5,11.65
369,Plymouth,US,2021-09-06 19:21:53,41.8334,-70.8328,84.78,68,20,1.01
370,Gainesville,US,2021-09-06 19:21:14,29.6516,-82.3248,91.9,55,90,6.91
371,Mayo,US,2021-09-06 19:25:47,38.8876,-76.5119,87.39,44,1,5.01
372,Balad,IQ,2021-09-06 19:25:47,34.0164,44.1453,93.6,14,0,7.36
373,Hibbing,US,2021-09-06 19:25:48,47.4272,-92.9377,74.55,46,90,9.42
374,Conceicao Do Araguaia,BR,2021-09-06 19:25:48,-8.2578,-49.2647,96.93,36,0,5.75
375,Fortuna,US,2021-09-06 19:25:49,40.5982,-124.1573,74.93,72,1,3.0
376,Sao Joao Da Barra,BR,2021-09-06 19:25:49,-21.6403,-41.0511,78.89,71,0,21.34
377,Barroquinha,BR,2021-09-06 19:25:50,-3.0189,-41.1361,85.78,59,78,15.64
378,Naze,JP,2021-09-06 19:25:50,28.3667,129.4833,77.61,86,93,6.38
379,Shingu,JP,2021-09-06 19:25:51,33.7333,135.9833,72.91,88,100,5.97
380,Slantsy,RU,2021-09-06 19:25:52,59.1182,28.0914,52.14,92,100,7.34
381,Lasa,IT,2021-09-06 19:25:52,46.6166,10.7002,68.88,85,39,1.28
382,Fredericksburg,US,2021-09-06 19:25:53,38.3032,-77.4605,87.96,43,1,1.01
383,Kodinsk,RU,2021-09-06 19:25:53,58.6881,99.1844,42.8,87,100,2.44
384,Chavakachcheri,LK,2021-09-06 19:25:53,9.6579,80.1643,81.21,82,100,19.15
385,Wilmington,US,2021-09-06 19:24:32,34.2257,-77.9447,89.94,57,20,3.44
386,Lichinga,MZ,2021-09-06 19:25:54,-13.3128,35.2406,66.29,59,75,5.75
387,Quatre Cocos,MU,2021-09-06 19:25:55,-20.2078,57.7625,70.09,68,99,18.99
388,Panorama,GR,2021-09-06 19:25:55,40.5878,23.0315,72.14,47,20,1.99
389,Tual,ID,2021-09-06 19:25:55,-5.6667,132.75,80.76,78,52,24.99
390,Payette,US,2021-09-06 19:25:56,44.0782,-116.9338,84.27,27,1,3.44
391,Santa Cruz,BO,2021-09-06 19:25:56,-17.8,-63.1667,92.66,55,40,20.71
392,Banda Aceh,ID,2021-09-06 19:25:57,5.5577,95.3222,78.78,79,18,0.34
393,Viedma,AR,2021-09-06 19:25:57,-40.8135,-62.9967,68.27,38,88,12.01
394,Nantucket,US,2021-09-06 19:21:34,41.2835,-70.0995,80.96,87,40,12.66
395,Sunndalsora,NO,2021-09-06 19:25:58,62.6754,8.5515,59.65,83,100,5.23
396,Sistranda,NO,2021-09-06 19:25:58,63.7256,8.834,56.89,88,100,12.44
397,Walvis Bay,NA,2021-09-06 19:25:59,-22.9575,14.5053,56.35,67,0,6.91
398,Talnakh,RU,2021-09-06 19:25:59,69.4865,88.3972,52.57,75,23,13.27
399,Haimen,CN,2021-09-06 19:26:00,23.1935,116.6142,80.49,88,75,5.3
400,Feira De Santana,BR,2021-09-06 19:22:36,-12.2667,-38.9667,86.02,48,9,10.49
401,Colonia,DE,2021-09-06 19:23:25,50.9333,6.95,68.95,73,0,1.14
402,Hami,CN,2021-09-06 19:26:01,42.8,93.45,76.91,19,64,3.36
403,Upington,ZA,2021-09-06 19:26:02,-28.4478,21.2561,53.98,20,0,6.91
404,Lorengau,PG,2021-09-06 19:26:02,-2.0226,147.2712,81.25,80,100,10.67
405,Kruisfontein,ZA,2021-09-06 19:26:02,-34.0033,24.7314,52.88,83,12,7.61
406,Kurchum,KZ,2021-09-06 19:26:03,48.5722,83.6542,69.66,35,0,7.31
407,Bagh,IN,2021-09-06 19:26:04,22.3667,74.7667,79.95,85,100,3.87
408,Farafenni,GM,2021-09-06 19:26:04,13.5667,-15.6,85.06,71,100,3.4
409,Leo,BF,2021-09-06 19:26:05,11.1,-2.1,81.18,61,76,4.74
410,Isla Mujeres,MX,2021-09-06 19:26:05,21.2311,-86.731,87.85,71,100,8.41
411,Salalah,OM,2021-09-06 19:26:05,17.0151,54.0924,78.89,100,90,3.44
412,Berlevag,NO,2021-09-06 19:21:06,70.8578,29.0864,39.34,74,21,6.06
413,Shubarkuduk,KZ,2021-09-06 19:26:06,49.1447,56.4872,60.08,61,100,7.36
414,Blagoyevo,RU,2021-09-06 19:26:07,63.3667,47.9167,39.49,93,100,6.76
415,Eureka,US,2021-09-06 19:26:07,40.8021,-124.1637,75.2,77,100,3.0
416,Hovd,MN,2021-09-06 19:26:08,48.0056,91.6419,60.62,45,0,3.2
417,Seoul,KR,2021-09-06 19:26:09,37.5683,126.9778,66.61,91,90,11.5
418,Tirumullaivasal,IN,2021-09-06 19:26:09,11.2333,79.8333,80.02,75,100,10.87
419,Sao Felix Do Xingu,BR,2021-09-06 19:26:10,-6.6447,-51.995,91.87,44,17,6.98
420,Alexandria,EG,2021-09-06 19:22:55,31.2156,29.9553,78.96,63,0,8.9
421,Santa Maria,BR,2021-09-06 19:22:23,-29.6842,-53.8069,69.1,68,0,14.97
422,Caravelas,BR,2021-09-06 19:26:11,-17.7125,-39.2481,79.92,71,0,10.29
423,Ilulissat,GL,2021-09-06 19:26:11,69.2167,-51.1,39.22,56,75,2.3
424,Chalus,IR,2021-09-06 19:26:12,36.655,51.4204,72.86,94,90,4.61
425,Dedougou,BF,2021-09-06 19:26:12,12.4667,-3.4667,84.92,46,95,4.5
426,Half Moon Bay,US,2021-09-06 19:26:13,37.4636,-122.4286,99.25,64,40,5.75
427,Maceio,BR,2021-09-06 19:26:13,-9.6658,-35.7353,81.84,69,20,11.5
428,Storsteinnes,NO,2021-09-06 19:26:14,69.2408,19.2344,52.45,91,100,4.72
429,Williams Lake,CA,2021-09-06 19:26:14,52.1415,-122.1445,65.77,39,40,9.22
430,Fort Nelson,CA,2021-09-06 19:26:14,58.8053,-122.7002,65.79,37,40,14.97
431,Palmer,US,2021-09-06 19:22:59,42.1584,-72.3287,83.64,48,40,1.01
432,Hirara,JP,2021-09-06 19:26:15,24.8,125.2833,83.52,77,46,7.67
433,Araouane,ML,2021-09-06 19:26:16,18.9048,-3.5265,102.85,16,32,4.34
434,Guerrero Negro,MX,2021-09-06 19:26:16,27.9769,-114.0611,79.36,62,81,7.63
435,Dunedin,NZ,2021-09-06 19:26:16,-45.8742,170.5036,48.79,80,60,3.85
436,Bontang,ID,2021-09-06 19:26:17,0.1333,117.5,75.43,90,66,5.64
437,Mulchen,CL,2021-09-06 19:26:17,-37.7167,-72.2333,48.06,91,100,7.14
438,Asahi,JP,2021-09-06 19:26:18,35.7167,140.65,62.98,70,28,14.27
439,Odienne,CI,2021-09-06 19:26:18,9.51,-7.5692,75.24,84,90,3.96
440,Honiara,SB,2021-09-06 19:26:19,-9.4333,159.95,75.43,91,92,6.15
441,Lompoc,US,2021-09-06 19:21:49,34.6391,-120.4579,96.01,66,1,10.36
442,Rio Gallegos,AR,2021-09-06 19:24:51,-51.6226,-69.2181,59.05,41,40,13.8
443,Kudahuvadhoo,MV,2021-09-06 19:26:20,2.6708,72.8944,82.58,75,100,11.92
444,Dwarka,IN,2021-09-06 19:26:20,22.2394,68.9678,81.43,87,100,9.19
445,Emba,KZ,2021-09-06 19:26:21,48.8264,58.1442,62.64,61,100,7.54
446,Dicabisagan,PH,2021-09-06 19:26:21,17.0818,122.4157,77.94,89,84,4.97
447,Ozernovskiy,RU,2021-09-06 19:26:22,51.5,156.5167,49.95,76,100,18.66
448,Nishihara,JP,2021-09-06 19:26:22,26.1842,127.7558,80.65,92,20,0.0
449,Winnemucca,US,2021-09-06 19:26:23,40.973,-117.7357,87.85,8,1,4.61
450,Gaziantep,TR,2021-09-06 19:26:23,37.0594,37.3825,75.13,61,0,8.05
451,Banos,EC,2021-09-06 19:26:23,-1.4,-78.4167,70.81,93,100,1.9
452,North Bend,US,2021-09-06 19:26:24,43.4065,-124.2243,81.25,64,1,16.11
453,Sept-Iles,CA,2021-09-06 19:24:01,50.2001,-66.3821,57.25,96,90,1.99
454,Ikom,NG,2021-09-06 19:26:25,5.9667,8.7063,74.5,95,99,2.3
455,Letlhakane,BW,2021-09-06 19:26:25,-21.4167,25.5833,77.02,18,2,6.35
456,Shahabad,IN,2021-09-06 19:26:26,27.65,79.95,81.91,83,99,5.28
457,Nouadhibou,MR,2021-09-06 19:26:26,20.931,-17.0347,75.18,83,2,21.85
458,Newport,GB,2021-09-06 19:26:27,51.5877,-2.9984,75.31,76,18,0.63
459,Atrauli,IN,2021-09-06 19:26:27,28.0333,78.2833,85.66,68,81,6.11
460,Coari,BR,2021-09-06 19:26:28,-4.085,-63.1414,86.95,57,100,3.53
461,Dakar,SN,2021-09-06 19:26:28,14.6937,-17.4441,84.33,79,40,0.0
462,Niteroi,BR,2021-09-06 19:24:23,-22.8833,-43.1036,76.66,72,75,16.11
463,Beringovskiy,RU,2021-09-06 19:26:29,63.05,179.3167,40.33,55,25,3.4
464,Bud,US,2021-09-06 19:26:29,39.447,-86.1758,84.92,51,0,11.61
465,Ganzhou,CN,2021-09-06 19:26:30,28.8184,115.4327,74.16,91,100,5.7
466,Winona,US,2021-09-06 19:26:30,43.9666,-91.7668,78.19,50,1,0.0
467,Tazovskiy,RU,2021-09-06 19:26:31,67.4667,78.7,42.94,81,70,10.42
468,Sal Rei,CV,2021-09-06 19:26:31,16.1833,-22.9167,84.76,79,20,8.05
469,Salto,UY,2021-09-06 19:24:11,-31.3833,-57.9667,69.96,64,75,11.5
470,San Quintin,MX,2021-09-06 19:26:32,30.4833,-115.95,76.95,69,6,8.46
471,Banjar,ID,2021-09-06 19:26:32,-8.19,114.9675,80.46,92,83,4.09
472,Kaka,TM,2021-09-06 19:26:32,37.3482,59.6143,81.25,20,0,1.68
473,San Patricio,US,2021-09-06 19:26:33,28.017,-97.5169,100.49,39,11,5.99
474,Derzhavinsk,KZ,2021-09-06 19:26:33,51.1,66.3167,62.98,37,100,9.48
475,Luanda,AO,2021-09-06 19:26:34,-8.8368,13.2343,71.6,94,40,10.36
476,Mbanza-Ngungu,CD,2021-09-06 19:26:34,-5.25,14.8667,81.59,43,100,5.93
477,Inirida,CO,2021-09-06 19:26:35,3.8653,-67.9239,83.64,72,95,2.91
478,Leningradskiy,RU,2021-09-06 19:26:35,69.3833,178.4167,30.51,63,87,8.23
479,Amga,RU,2021-09-06 19:26:36,60.8953,131.9608,40.78,76,100,2.06
480,Kiunga,PG,2021-09-06 19:26:36,-6.1219,141.2906,71.74,99,100,4.72
481,Tanda,IN,2021-09-06 19:26:36,26.55,82.65,79.9,90,100,7.05
482,Maravilha,BR,2021-09-06 19:26:37,-26.7608,-53.1725,68.41,32,10,4.16
483,Ballina,AU,2021-09-06 19:26:37,-28.8667,153.5667,53.56,62,90,12.66
484,Quelimane,MZ,2021-09-06 19:26:38,-17.8786,36.8883,74.34,81,0,9.95
485,Geraldton,AU,2021-09-06 19:26:38,-28.7667,114.6,48.61,71,0,12.66
486,Kastamonu,TR,2021-09-06 19:26:39,41.5,33.6667,50.02,93,6,4.21
487,Port-Gentil,GA,2021-09-06 19:26:39,-0.7193,8.7815,76.96,83,20,8.05
488,Sorgun,TR,2021-09-06 19:26:40,39.8101,35.186,51.93,73,4,11.81
489,Guantanamo,CU,2021-09-06 19:26:40,20.1444,-75.2092,87.87,45,8,10.25
490,Havoysund,NO,2021-09-06 19:26:40,70.9963,24.6622,43.68,80,100,8.32
491,Debre Tabor,ET,2021-09-06 19:26:41,11.85,38.0167,53.29,88,100,3.2
492,Boa Vista,BR,2021-09-06 19:26:42,2.8197,-60.6733,93.18,46,75,9.22
493,Watrous,CA,2021-09-06 19:26:42,51.6668,-105.4679,58.78,77,100,10.36
494,Taltal,CL,2021-09-06 19:26:42,-25.4,-70.4833,59.52,74,100,7.38
495,Itaqui,BR,2021-09-06 19:26:43,-29.1253,-56.5531,68.74,69,100,11.68
496,Pangai,TO,2021-09-06 19:26:17,-19.8,-174.35,77.11,83,20,6.91
497,Ballitoville,ZA,2021-09-06 19:26:44,-29.539,31.2144,59.16,88,75,8.05
498,Roald,NO,2021-09-06 19:26:44,62.5833,6.1333,60.33,88,75,10.36
499,Yanggu,CN,2021-09-06 19:26:45,36.1106,115.7753,62.67,97,100,5.95
500,Maningrida,AU,2021-09-06 19:26:45,-12.0667,134.2667,68.67,78,60,12.86
501,Mandera,KE,2021-09-06 19:26:45,3.9366,41.867,84.33,48,96,20.07
502,Sitka,US,2021-09-06 19:26:46,57.0531,-135.33,60.69,77,75,3.44
503,Petropavlovsk-Kamchatskiy,RU,2021-09-06 19:26:46,53.0452,158.6483,43.39,100,75,2.24
504,San Rafael,AR,2021-09-06 19:26:47,-34.6177,-68.3301,67.68,38,48,11.14
505,Vakhrushev,RU,2021-09-06 19:26:48,48.9833,142.9667,56.1,90,95,5.44
506,Kaeo,NZ,2021-09-06 19:26:48,-35.1,173.7833,59.32,94,100,12.37
507,Myaundzha,RU,2021-09-06 19:26:48,63.0494,147.1858,41.95,51,100,3.44
508,Salinas,US,2021-09-06 19:23:53,36.6777,-121.6555,100.56,48,1,3.44
509,Kawambwa,ZM,2021-09-06 19:26:50,-9.7915,29.0791,70.09,25,1,2.48
510,Council Bluffs,US,2021-09-06 19:25:58,41.2619,-95.8608,89.42,59,1,12.66
511,Khani,GE,2021-09-06 19:26:50,41.9563,42.9566,58.57,95,100,1.34
512,Haines Junction,CA,2021-09-06 19:26:51,60.7522,-137.5108,57.15,58,99,2.3
513,Sioux City,US,2021-09-06 19:26:51,42.5,-96.4003,86.94,46,2,8.99
514,Killybegs,IE,2021-09-06 19:26:52,54.6333,-8.45,65.91,92,100,1.16
515,Alice Springs,AU,2021-09-06 19:26:52,-23.7,133.8833,44.15,65,0,8.05
516,Lalibela,ET,2021-09-06 19:26:53,12.0333,39.0333,57.04,86,98,1.03
517,Contamana,PE,2021-09-06 19:26:53,-7.3333,-75.0167,86.18,58,77,4.03
518,Burnie,AU,2021-09-06 19:26:53,-41.0667,145.9167,51.94,72,100,20.13
519,Wenzhou,CN,2021-09-06 19:26:54,27.9994,120.6668,79.03,91,77,2.17
520,Port Blair,IN,2021-09-06 19:26:54,11.6667,92.75,80.49,85,100,11.21
521,Masindi,UG,2021-09-06 19:26:55,1.6744,31.715,65.26,86,3,2.26
522,Nuuk,GL,2021-09-06 19:26:55,64.1835,-51.7216,47.01,71,75,6.91
523,Awjilah,LY,2021-09-06 19:26:56,29.1081,21.2869,88.95,32,0,18.1
524,Riberalta,BO,2021-09-06 19:26:56,-10.9833,-66.1,91.6,55,75,5.75
525,Ekhabi,RU,2021-09-06 19:26:57,53.5102,142.9671,47.62,89,0,4.79
526,Shchigry,RU,2021-09-06 19:26:57,51.8755,36.9043,46.22,77,52,6.35
527,Belaya Gora,RU,2021-09-06 19:26:58,68.5333,146.4167,42.31,83,100,16.67
528,College,US,2021-09-06 19:26:58,64.8569,-147.8028,49.66,79,75,5.75
529,Tuy Hoa,VN,2021-09-06 19:23:54,13.0833,109.3,77.38,91,100,4.07
530,Abbeville,FR,2021-09-06 19:24:48,50.1,1.8333,72.68,57,92,7.0
531,Sakaiminato,JP,2021-09-06 19:26:59,35.55,133.2333,67.98,94,75,3.44
532,Changping,CN,2021-09-06 19:27:00,40.2186,116.2197,56.84,71,0,4.54
533,Kiruna,SE,2021-09-06 19:27:00,67.8557,20.2251,47.32,87,90,3.44
534,Accrington,GB,2021-09-06 19:27:01,53.7538,-2.3586,69.48,86,95,3.44
535,Porto Walter,BR,2021-09-06 19:27:01,-8.2686,-72.7439,83.19,67,100,4.0
536,Milas,TR,2021-09-06 19:27:02,37.3164,27.7839,72.75,64,0,2.3
537,Tonder,DK,2021-09-06 19:27:02,54.9331,8.8667,60.8,88,100,5.77
538,Qax,AZ,2021-09-06 19:27:03,41.4225,46.9242,72.59,65,35,6.35
539,Conceicao Do Castelo,BR,2021-09-06 19:27:03,-20.3683,-41.2439,81.3,48,33,5.7
540,Minas,UY,2021-09-06 19:27:04,-34.3759,-55.2377,61.27,78,100,13.02
541,Ayni,TJ,2021-09-06 19:27:04,39.3941,68.5377,70.88,35,0,1.54
542,Kondinskoye,RU,2021-09-06 19:27:05,59.6481,67.41,45.93,64,100,6.82
543,Saint-Augustin,CA,2021-09-06 19:27:05,51.226,-58.6502,58.86,69,97,12.33
544,Nurota,UZ,2021-09-06 19:27:05,40.5614,65.6886,69.89,18,0,8.57
545,Calama,CL,2021-09-06 19:24:07,-22.4667,-68.9333,70.29,6,75,25.32
546,Anadyr,RU,2021-09-06 19:27:06,64.75,177.4833,32.5,86,0,2.24
547,Nemuro,JP,2021-09-06 19:27:07,43.3236,145.575,56.86,81,5,9.89
548,Shieli,KZ,2021-09-06 19:27:07,44.1667,66.75,73.67,20,0,9.51
549,Mayumba,GA,2021-09-06 19:27:07,-3.432,10.6554,74.39,84,19,6.53
550,Ancud,CL,2021-09-06 19:27:08,-41.8697,-73.8203,51.33,74,95,11.63
551,Pitimbu,BR,2021-09-06 19:27:08,-7.4706,-34.8086,81.19,68,31,12.84
552,Ahipara,NZ,2021-09-06 19:27:09,-35.1667,173.1667,56.86,92,100,11.7
553,Indaiatuba,BR,2021-09-06 19:27:09,-23.0903,-47.2181,90.14,29,0,5.75
554,Ubatuba,BR,2021-09-06 19:27:10,-23.4339,-45.0711,90.93,82,79,3.27
555,Yagodnoye,RU,2021-09-06 19:27:10,62.55,149.6667,41.04,56,97,4.14
556,Kose,TR,2021-09-06 19:27:11,40.21,39.6511,59.56,80,60,4.68
557,Guanica,PR,2021-09-06 19:27:11,17.9716,-66.908,89.91,71,84,3.0
558,Erenhot,CN,2021-09-06 19:27:12,43.6475,111.9767,61.68,43,77,16.26
559,Gonaives,HT,2021-09-06 19:27:12,19.45,-72.6833,87.78,51,0,7.2
560,Kualakapuas,ID,2021-09-06 19:27:13,-3.0091,114.3876,77.16,98,89,1.63
561,Marystown,CA,2021-09-06 19:27:13,47.1666,-55.1483,59.58,64,85,9.22
562,Teluknaga,ID,2021-09-06 19:27:14,-6.0989,106.6381,77.04,94,20,4.61
563,Bandar-E Lengeh,IR,2021-09-06 19:27:14,26.5579,54.8807,88.61,78,0,5.84
564,Avera,US,2021-09-06 19:27:14,33.194,-82.5271,89.47,43,95,3.67
565,Monster,NL,2021-09-06 19:27:15,52.0258,4.175,69.96,75,100,3.44
566,Pomabamba,PE,2021-09-06 19:27:16,-8.8333,-77.4667,54.21,68,100,6.64
567,Anchorage,US,2021-09-06 19:25:19,61.2181,-149.9003,57.65,85,75,3.44
568,Linxia,CN,2021-09-06 19:27:16,35.6003,103.2064,53.38,67,0,4.68
